,City,Cloudiness,Humidity,Latitude,Temperature,Windspeed
0,Hilo,1,88,19.71,73.4,6.93
1,Nemuro,75,81,43.32,46.4,8.05
2,Srikakulam,0,92,18.29,85.61,10.76
3,New Norfolk,20,40,-42.78,69.8,17.22
4,Dikson,36,91,73.51,1.55,18.81
5,Hilo,1,88,19.71,73.4,6.93
6,Cherskiy,20,73,68.75,32.24,5.73
7,Ribeira Grande,20,58,38.52,57.2,18.34
8,Nouadhibou,0,88,20.93,62.6,17.22
9,Itoman,40,57,26.12,75.63,12.75
10,Punta Arenas,0,80,-53.16,41.0,11.41
11,Ostrovnoy,92,97,68.05,28.01,18.7
12,Chandigarh,76,59,30.72,79.22,9.19
13,Cape Town,0,77,-33.93,64.4,5.82
14,Codrington,92,89,-28.95,71.3,4.05
15,Ellisras,8,81,-23.67,67.25,6.17
16,Pisco,0,73,-13.71,69.8,9.17
17,Rikitea,20,100,-23.12,79.04,4.94
18,Albany,90,69,42.65,30.13,6.93
19,Hermanus,76,96,-34.42,62.3,5.95
20,Ushuaia,75,80,-54.81,41.0,16.11
21,Nouadhibou,0,88,20.93,62.6,17.22
22,Yerofey Pavlovich,48,28,53.97,17.12,9.75
23,Albany,90,69,42.65,30.13,6.93
24,New Norfolk,20,40,-42.78,69.8,17.22
25,Baruun-Urt,0,35,46.68,29.45,8.41
26,Vanimo,56,100,-2.67,83.54,15.46
27,Lluta,0,93,-16.02,48.2,4.7
28,Nuh,20,26,28.1,93.2,9.17
29,Torbay,90,74,47.66,28.4,8.05
30,Cabo San Lucas,0,98,22.89,68.96,14.23
31,Busselton,0,83,-33.64,75.44,9.42
32,Rikitea,20,100,-23.12,79.04,4.94
33,Izvoarele,0,82,45.55,44.12,7.4
34,Chokurdakh,8,88,70.62,23.51,15.68
35,Atuona,68,100,-9.8,81.38,16.35
36,Puerto Ayora,44,100,-0.74,75.26,6.06
37,Longyearbyen,75,55,78.22,10.4,18.34
38,Pechora,68,78,65.12,25.22,13.0
39,Vershino-Darasunskiy,32,25,52.35,26.3,10.98
40,Tasiilaq,44,79,65.61,19.4,17.22
41,Nong Bua,0,62,15.87,92.99,1.92
42,Vaini,0,39,15.34,91.64,3.27
43,Tiksi,36,85,71.64,13.97,7.07
44,Ushuaia,75,80,-54.81,41.0,16.11
45,Kaitangata,0,57,-46.28,60.68,28.1
46,Yellowknife,5,63,62.45,-7.61,8.05
47,Carnarvon,92,96,-30.97,58.34,6.62
48,Punta Arenas,0,80,-53.16,41.0,11.41
49,Hobart,20,40,-42.88,69.8,17.22
50,Hofn,0,100,64.25,24.95,18.59
51,Codrington,92,89,-28.95,71.3,4.05
52,Saskylakh,0,75,71.97,0.2,6.96
53,Ushuaia,75,80,-54.81,41.0,16.11
54,Baykit,44,78,61.68,19.19,6.4
55,Mataura,92,73,-46.19,59.15,27.98
56,Bluff,88,46,-23.58,84.44,16.02
57,Bambous Virieux,75,88,-20.34,80.6,8.05
58,Norman Wells,20,70,65.28,-0.41,5.82
59,Rikitea,20,100,-23.12,79.04,4.94
60,Kiunga,88,93,-6.12,77.69,4.38
61,Kapaa,40,83,22.08,71.47,8.05
62,Ilulissat,20,78,69.22,10.4,2.24
63,Ushuaia,75,80,-54.81,41.0,16.11
64,Puerto Ayora,44,100,-0.74,75.26,6.06
65,Punta Arenas,0,80,-53.16,41.0,11.41
66,Hermanus,76,96,-34.42,62.3,5.95
67,Sept-Iles,20,50,50.2,6.8,8.05
68,Mount Gambier,0,62,-37.83,68.6,4.38
69,Rikitea,20,100,-23.12,79.04,4.94
70,Egvekinot,0,94,66.32,29.09,2.48
71,Mount Gambier,0,62,-37.83,68.6,4.38
72,Rio Grande,56,100,-32.03,67.97,4.38
73,Panikian,92,100,13.29,76.61,3.49
74,Hamilton,75,86,43.26,34.32,4.7
75,Ayan,8,65,40.67,37.73,3.49
76,Busselton,0,83,-33.64,75.44,9.42
77,Mar del Plata,64,57,-46.43,65.54,17.25
78,Vaini,0,39,15.34,91.64,3.27
79,Freetown,48,100,26.61,72.92,13.78
80,Broken Hill,0,34,-31.97,77.69,14.56
81,Karla,90,86,59.37,30.2,17.22
82,Castro,92,100,-42.48,54.92,3.6
83,Oussouye,0,88,12.49,67.12,9.17
84,Buala,88,97,-8.15,82.01,4.72
85,Port-Gentil,40,100,-0.72,77.0,2.24
86,Rikitea,20,100,-23.12,79.04,4.94
87,Porto Novo,0,94,-23.68,69.8,2.24
88,Puerto Ayora,44,100,-0.74,75.26,6.06
89,Vardo,90,70,39.62,43.11,4.7
90,New Norfolk,20,40,-42.78,69.8,17.22
91,Qaanaaq,0,84,77.48,-5.84,9.75
92,Nanortalik,44,100,60.14,32.33,18.81
93,Barrow,0,91,-38.31,54.56,9.19
94,Barrow,0,91,-38.31,54.56,9.19
95,New Norfolk,20,40,-42.78,69.8,17.22
96,Saint-Philippe,1,75,45.36,31.95,5.82
97,Hilo,1,88,19.71,73.4,6.93
98,Progreso,75,82,-34.68,68.0,11.41
99,Bossangoa,8,80,6.5,75.35,10.76
100,Rikitea,20,100,-23.12,79.04,4.94
101,Margate,20,40,-43.03,69.8,17.22
102,Punta Arenas,0,80,-53.16,41.0,11.41
103,Georgetown,75,100,6.8,73.4,5.5
104,Kapaa,40,83,22.08,71.47,8.05
105,Lorengau,44,100,-2.02,82.37,9.86
106,Punta Arenas,0,80,-53.16,41.0,11.41
107,Jamestown,0,33,-33.21,75.44,6.96
108,Ossora,92,99,59.24,32.69,13.33
109,Taunggyi,24,83,20.78,74.18,3.04
110,Lagoa,40,100,37.14,57.2,8.05
111,Port Blair,0,100,11.67,84.35,7.96
112,Punta Arenas,0,80,-53.16,41.0,11.41
113,Kaoma,0,72,-14.8,68.15,13.22
114,Barrow,0,91,-38.31,54.56,9.19
115,Bambous Virieux,75,88,-20.34,80.6,8.05
116,Rikitea,20,100,-23.12,79.04,4.94
117,Albany,90,69,42.65,30.13,6.93
118,Mataura,92,73,-46.19,59.15,27.98
119,Sitka,0,29,37.17,64.82,20.49
120,Hobart,20,40,-42.88,69.8,17.22
121,Flin Flon,44,72,54.77,0.56,2.48
122,Kapaa,40,83,22.08,71.47,8.05
123,Murray Bridge,0,86,-35.12,66.35,6.4
124,Ushuaia,75,80,-54.81,41.0,16.11
125,Glomfjord,20,61,66.82,19.4,4.7
126,Santa Maria,76,97,-29.69,64.28,2.59
127,Barrow,0,91,-38.31,54.56,9.19
128,Klaksvik,48,68,62.23,26.6,19.46
129,Cayenne,20,88,4.94,77.0,3.36
130,Butaritari,80,100,3.07,82.82,10.2
131,Monrovia,75,100,6.33,77.0,5.28
132,Kouroussa,92,69,10.65,74.09,3.38
133,Ninh Binh,88,71,20.25,80.3,12.77
134,Airai,8,64,-8.93,82.73,1.25
135,Clyde River,90,84,70.47,8.6,4.7
136,Shelburne,90,80,44.08,33.28,2.93
137,Tuktoyaktuk,76,78,69.44,-3.03,9.17
138,Mar del Plata,64,57,-46.43,65.54,17.25
139,Saldanha,92,100,41.42,46.01,13.67
140,Vaini,0,39,15.34,91.64,3.27
141,Port Alfred,80,95,-33.59,70.85,10.87
142,Koulikoro,0,53,12.86,77.0,2.24
143,Vanavara,56,55,60.35,23.6,4.16
144,Mataura,92,73,-46.19,59.15,27.98
145,Hithadhoo,48,100,-0.6,84.35,3.83
146,Quchan,0,51,37.11,62.84,2.48
147,Orange Park,40,78,30.17,67.48,9.17
148,Bambous Virieux,75,88,-20.34,80.6,8.05
149,Aklavik,75,77,68.22,-0.41,3.36
150,Avarua,75,88,-21.21,77.0,8.05
151,Acapulco,20,88,16.86,75.2,3.36
152,Bluff,88,46,-23.58,84.44,16.02
153,San Cristobal,75,93,-0.39,51.8,2.24
154,Veraval,44,87,49.65,50.59,11.41
155,Mataura,92,73,-46.19,59.15,27.98
156,Dingle,64,75,11.0,82.55,8.41
157,Cidreira,80,97,-30.17,67.97,6.73
158,Sitka,0,29,37.17,64.82,20.49
159,Bambous Virieux,75,88,-20.34,80.6,8.05
160,Nanortalik,44,100,60.14,32.33,18.81
161,Punta Arenas,0,80,-53.16,41.0,11.41
162,Ribeira Grande,20,58,38.52,57.2,18.34
163,Vondrozo,92,100,-22.82,73.55,3.15
164,Rikitea,20,100,-23.12,79.04,4.94
165,Fortuna,0,93,38.18,50.9,3.36
166,Necochea,0,96,-38.55,52.4,6.4
167,Ilo,24,96,-17.65,57.08,2.15
168,Bilma,0,29,18.69,60.77,2.71
169,Alice Springs,0,14,-23.7,87.8,14.99
170,Albany,90,69,42.65,30.13,6.93
171,Rikitea,20,100,-23.12,79.04,4.94
172,New Norfolk,20,40,-42.78,69.8,17.22
173,Dikson,36,91,73.51,1.55,18.81
174,Cuamba,36,100,-14.8,69.59,4.27
175,Dikson,36,91,73.51,1.55,18.81
176,Kindu,92,100,-2.95,69.14,3.27
177,Ushuaia,75,80,-54.81,41.0,16.11
178,Luanda,75,88,-8.83,78.8,2.24
179,Dikson,36,91,73.51,1.55,18.81
180,Saint-Pierre,0,70,48.95,51.17,10.29
181,Ugoofaaru,36,97,5.67,85.79,6.17
182,Sangar,76,60,63.92,12.35,12.1
183,Turayf,8,48,31.68,66.2,3.36
184,Leningradskiy,0,84,69.38,22.88,8.97
185,Atuona,68,100,-9.8,81.38,16.35
186,Rikitea,20,100,-23.12,79.04,4.94
187,Albany,90,69,42.65,30.13,6.93
188,Te Anau,80,91,-45.41,51.32,17.02
189,Lebu,75,82,8.96,59.0,8.05
190,Liuzhou,12,76,24.32,79.94,9.75
191,Fortuna,0,93,38.18,50.9,3.36
192,Ushuaia,75,80,-54.81,41.0,16.11
193,New Norfolk,20,40,-42.78,69.8,17.22
194,Atuona,68,100,-9.8,81.38,16.35
195,Ushuaia,75,80,-54.81,41.0,16.11
196,Punta Arenas,0,80,-53.16,41.0,11.41
197,Saskylakh,0,75,71.97,0.2,6.96
198,Hermanus,76,96,-34.42,62.3,5.95
199,Albany,90,69,42.65,30.13,6.93
200,Ushuaia,75,80,-54.81,41.0,16.11
201,Alofi,92,94,-19.06,78.8,4.7
202,Jamestown,0,33,-33.21,75.44,6.96
203,Mataura,92,73,-46.19,59.15,27.98
204,Tuktoyaktuk,76,78,69.44,-3.03,9.17
205,Mar del Plata,64,57,-46.43,65.54,17.25
206,Gubkinskiy,44,87,64.43,4.79,17.02
207,Yellowknife,5,63,62.45,-7.61,8.05
208,Punta Arenas,0,80,-53.16,41.0,11.41
209,Uri,0,81,40.64,53.6,9.17
210,Itoman,40,57,26.12,75.63,12.75
211,Palmer,0,56,-34.85,69.8,11.41
212,Bluff,88,46,-23.58,84.44,16.02
213,Zhanaozen,0,73,43.35,52.94,16.46
214,Bhilwara,0,21,25.35,98.12,10.76
215,Sovetskiy,8,97,56.76,34.22,14.79
216,Kapaa,40,83,22.08,71.47,8.05
217,Hobart,20,40,-42.88,69.8,17.22
218,Vaini,0,39,15.34,91.64,3.27
219,Los Llanos de Aridane,75,72,28.66,60.8,4.7
220,Ponta do Sol,44,94,-20.63,64.19,3.04
221,Mataura,92,73,-46.19,59.15,27.98
222,Sao Filipe,56,100,14.9,67.97,14.23
223,Letlhakane,0,74,-21.42,63.65,13.0
224,Mahebourg,75,79,-20.41,84.2,6.93
225,Yellowknife,5,63,62.45,-7.61,8.05
226,San Pedro,76,94,-33.68,63.74,7.85
227,Hermanus,76,96,-34.42,62.3,5.95
228,Belyy Yar,0,58,53.6,28.4,6.71
229,Nikolskoye,90,95,59.7,32.0,17.9
230,Hilo,1,88,19.71,73.4,6.93
231,Jalu,0,61,29.03,57.17,8.08
232,Butaritari,80,100,3.07,82.82,10.2
233,Chuy,56,99,-33.69,66.44,5.17
234,Atuona,68,100,-9.8,81.38,16.35
235,Longhua,0,37,29.21,86.0,4.47
236,Faanui,76,100,-16.48,82.19,11.43
237,Acapulco,20,88,16.86,75.2,3.36
238,Makakilo City,90,94,21.35,69.84,9.17
239,Bambous Virieux,75,88,-20.34,80.6,8.05
240,Bagdarin,48,27,54.44,16.67,6.96
241,Hobart,20,40,-42.88,69.8,17.22
242,Hobart,20,40,-42.88,69.8,17.22
243,Provideniya,20,100,64.42,28.4,2.24
244,Prata,20,96,-19.31,65.54,2.93
245,Port Elizabeth,75,86,39.31,36.82,7.07
246,Tuktoyaktuk,76,78,69.44,-3.03,9.17
247,Narsaq,64,68,60.91,32.0,5.82
248,Severo-Kurilsk,92,99,50.68,31.25,18.14
249,Vaini,0,39,15.34,91.64,3.27
250,Te Anau,80,91,-45.41,51.32,17.02
251,Hermanus,76,96,-34.42,62.3,5.95
252,Hasaki,40,64,35.73,72.73,9.17
253,Campbell River,20,93,50.02,37.4,2.24
254,Mar del Plata,64,57,-46.43,65.54,17.25
255,Puerto Ayora,44,100,-0.74,75.26,6.06
256,Airai,8,64,-8.93,82.73,1.25
257,Vangaindrano,92,100,-23.35,72.47,3.38
258,Churapcha,80,64,62.0,20.18,10.98
259,Vaini,0,39,15.34,91.64,3.27
260,Khovu-Aksy,64,48,51.13,25.13,3.15
261,Kapaa,40,83,22.08,71.47,8.05
262,Qaanaaq,0,84,77.48,-5.84,9.75
263,Rikitea,20,100,-23.12,79.04,4.94
264,Cayenne,20,88,4.94,77.0,3.36
265,Avarua,75,88,-21.21,77.0,8.05
266,Kodiak,90,100,39.95,33.8,3.36
267,Albany,90,69,42.65,30.13,6.93
268,Avarua,75,88,-21.21,77.0,8.05
269,Zhuhai,75,80,40.71,32.0,13.42
270,Port Alfred,80,95,-33.59,70.85,10.87
271,Rikitea,20,100,-23.12,79.04,4.94
272,Lensk,56,57,60.71,21.08,5.28
273,Touros,88,91,-5.2,79.49,6.85
274,Aldama,0,96,22.92,74.81,11.1
275,Milkovo,0,65,41.53,49.23,3.36
276,Faya,5,55,18.39,64.4,5.82
277,Victoria,75,70,5.28,83.98,6.93
278,Vaini,0,39,15.34,91.64,3.27
279,Torbay,90,74,47.66,28.4,8.05
280,Tuktoyaktuk,76,78,69.44,-3.03,9.17
281,Yellowknife,5,63,62.45,-7.61,8.05
282,Rikitea,20,100,-23.12,79.04,4.94
283,Mount Gambier,0,62,-37.83,68.6,4.38
284,Soc Trang,0,59,9.6,89.21,12.66
285,Atuona,68,100,-9.8,81.38,16.35
286,Ancud,100,97,-41.87,57.08,4.05
287,Severo-Kurilsk,92,99,50.68,31.25,18.14
288,Nikolskoye,90,95,59.7,32.0,17.9
289,Esperance,20,83,10.24,77.0,5.61
290,Carnarvon,92,96,-30.97,58.34,6.62
291,Albany,90,69,42.65,30.13,6.93
292,Vaini,0,39,15.34,91.64,3.27
293,Albany,90,69,42.65,30.13,6.93
294,Porto Walter,36,97,-8.27,74.0,2.15
295,Lorengau,44,100,-2.02,82.37,9.86
296,Ossora,92,99,59.24,32.69,13.33
297,Sorland,40,100,67.67,22.14,8.05
298,Ushuaia,75,80,-54.81,41.0,16.11
299,Nouadhibou,0,88,20.93,62.6,17.22
300,Rikitea,20,100,-23.12,79.04,4.94
301,Itarema,48,94,-2.92,74.45,3.04
302,Alofi,92,94,-19.06,78.8,4.7
303,New Norfolk,20,40,-42.78,69.8,17.22
304,Nuuk,0,74,64.17,30.2,10.29
305,Plettenberg Bay,88,94,-34.05,65.81,4.16
306,Punta Arenas,0,80,-53.16,41.0,11.41
307,Bredasdorp,8,93,-34.53,59.0,13.0
308,Kattivakkam,40,63,13.22,91.4,5.82
309,Qaanaaq,0,84,77.48,-5.84,9.75
310,Rikitea,20,100,-23.12,79.04,4.94
311,Barrow,0,91,-38.31,54.56,9.19
312,Gat,12,93,14.69,62.6,2.24
313,Faanui,76,100,-16.48,82.19,11.43
314,Luderitz,80,82,-26.65,62.6,1.12
315,Punta Arenas,0,80,-53.16,41.0,11.41
316,Rikitea,20,100,-23.12,79.04,4.94
317,Aras,0,29,14.28,69.41,3.49
318,Ushuaia,75,80,-54.81,41.0,16.11
319,Cherskiy,20,73,68.75,32.24,5.73
320,Hilo,1,88,19.71,73.4,6.93
321,Lufilufi,40,66,-13.87,86.0,9.17
322,Fortuna,0,93,38.18,50.9,3.36
323,East London,90,88,-33.02,69.8,9.17
324,Coahuayana,44,67,18.62,63.74,2.15
325,Avarua,75,88,-21.21,77.0,8.05
326,Puerto Ayora,44,100,-0.74,75.26,6.06
327,Lincoln,75,93,53.23,47.57,12.75
328,Guerrero Negro,80,100,27.97,55.37,7.74
329,San Pablo,75,58,14.07,87.8,6.93
330,Brownsville,90,88,25.91,74.28,13.87
331,Brazii,0,85,46.24,40.52,2.59
332,Mar del Plata,64,57,-46.43,65.54,17.25
333,Bereda,20,81,43.27,50.0,9.17
334,Tasiilaq,44,79,65.61,19.4,17.22
335,Port Lincoln,0,83,-34.72,67.88,7.63
336,Thinadhoo,48,99,0.53,85.97,4.5
337,Severo-Kurilsk,92,99,50.68,31.25,18.14
338,Ushuaia,75,80,-54.81,41.0,16.11
339,Punta Arenas,0,80,-53.16,41.0,11.41
340,Mataura,92,73,-46.19,59.15,27.98
341,Kapaa,40,83,22.08,71.47,8.05
342,Bambous Virieux,75,88,-20.34,80.6,8.05
343,Busselton,0,83,-33.64,75.44,9.42
344,Barrow,0,91,-38.31,54.56,9.19
345,Vaini,0,39,15.34,91.64,3.27
346,Rikitea,20,100,-23.12,79.04,4.94
347,Vaini,0,39,15.34,91.64,3.27
348,Anzio,20,87,41.45,46.45,1.12
349,Lorengau,44,100,-2.02,82.37,9.86
350,Ribeira Grande,20,58,38.52,57.2,18.34
351,Yellowknife,5,63,62.45,-7.61,8.05
352,Mar del Plata,64,57,-46.43,65.54,17.25
353,Palmer,0,56,-34.85,69.8,11.41
354,Bluff,88,46,-23.58,84.44,16.02
355,Matara,8,93,-13.74,34.85,1.59
356,Lata,64,86,30.78,58.07,1.7
357,Ust-Nera,80,75,64.57,21.98,2.82
358,Khatanga,48,92,71.98,-4.04,4.94
359,Pascagoula,40,88,30.37,71.65,5.82
360,Esperance,20,83,10.24,77.0,5.61
361,Hambantota,8,92,6.12,86.51,3.49
362,Tres Arroyos,0,91,-38.38,54.56,9.19
363,Gat,12,93,14.69,62.6,2.24
364,Mataura,92,73,-46.19,59.15,27.98
365,Karwar,0,40,14.8,91.64,2.71
366,Ushuaia,75,80,-54.81,41.0,16.11
367,Luderitz,80,82,-26.65,62.6,1.12
368,Rikitea,20,100,-23.12,79.04,4.94
369,Los Llanos de Aridane,75,72,28.66,60.8,4.7
370,Caravelas,8,100,-17.73,80.12,15.01
371,Marawi,44,62,8.0,82.91,4.16
372,Pevek,0,69,69.7,31.61,9.64
373,Awbari,0,29,26.59,63.02,12.77
374,Jamestown,0,33,-33.21,75.44,6.96
375,Abbeville,0,87,50.11,50.86,8.05
376,Mandera,92,100,3.94,72.2,4.61
377,Sisimiut,0,72,66.94,14.24,4.5
378,Necochea,0,96,-38.55,52.4,6.4
379,Seymchan,92,89,62.93,32.24,7.4
380,Busselton,0,83,-33.64,75.44,9.42
381,Port Elizabeth,75,86,39.31,36.82,7.07
382,Cayenne,20,88,4.94,77.0,3.36
383,Kikwit,92,100,-5.04,70.31,5.73
384,Graaff-Reinet,44,89,-32.25,59.24,3.6
385,Tura,0,66,25.52,84.53,3.15
386,Bluff,88,46,-23.58,84.44,16.02
387,Qaanaaq,0,84,77.48,-5.84,9.75
388,La Palma,92,100,5.36,63.92,1.92
389,Kulunda,68,82,52.57,31.7,14.45
390,Jamestown,0,33,-33.21,75.44,6.96
391,Carquefou,56,93,47.3,51.78,9.17
392,Yining,0,70,29.04,78.41,3.15
393,Sitka,0,29,37.17,64.82,20.49
394,Qaanaaq,0,84,77.48,-5.84,9.75
395,Huarmey,56,79,-10.07,63.56,2.93
396,Fortuna,0,93,38.18,50.9,3.36
397,Springbok,80,89,-29.67,60.77,2.71
398,Barrow,0,91,-38.31,54.56,9.19
399,Rikitea,20,100,-23.12,79.04,4.94
400,Tasiilaq,44,79,65.61,19.4,17.22
401,San Cristobal,75,93,-0.39,51.8,2.24
402,Rikitea,20,100,-23.12,79.04,4.94
403,Nanortalik,44,100,60.14,32.33,18.81
404,Ust-Nera,80,75,64.57,21.98,2.82
405,Port Elizabeth,75,86,39.31,36.82,7.07
406,Hermanus,76,96,-34.42,62.3,5.95
407,Dekar,12,72,-21.53,61.67,13.89
408,Paamiut,76,89,61.99,32.6,4.16
409,Rikitea,20,100,-23.12,79.04,4.94
410,Yilan,40,61,24.75,80.46,13.87
411,Berlevag,75,100,70.86,31.03,25.28
412,Iqaluit,90,78,63.75,14.0,10.29
413,Dingle,64,75,11.0,82.55,8.41
414,Maniitsoq,0,64,65.42,19.19,8.08
415,Sibu,75,55,2.29,91.4,3.36
416,Atuona,68,100,-9.8,81.38,16.35
417,Yulara,0,13,-25.24,91.4,13.87
418,Rikitea,20,100,-23.12,79.04,4.94
419,Ancud,100,97,-41.87,57.08,4.05
420,Bluff,88,46,-23.58,84.44,16.02
421,Tasiilaq,44,79,65.61,19.4,17.22
422,Ushuaia,75,80,-54.81,41.0,16.11
423,Lazarev,56,73,52.23,30.17,19.71
424,Hami,44,46,42.84,58.61,8.63
425,Castro,92,100,-42.48,54.92,3.6
426,Kuusankoski,75,86,60.91,28.4,11.41
427,Ushuaia,75,80,-54.81,41.0,16.11
428,Albert,56,87,50.0,50.0,14.99
429,Mataura,92,73,-46.19,59.15,27.98
430,Riyadh,90,19,24.63,78.8,6.93
431,Makakilo City,90,94,21.35,69.84,9.17
432,Sydney,20,64,-33.85,74.37,10.29
433,Ribeira Grande,20,58,38.52,57.2,18.34
434,Avera,1,67,33.19,58.64,5.82
435,Umm Lajj,68,99,25.02,72.29,3.94
436,Saint George,0,71,39.45,51.8,4.7
437,Vredendal,36,95,-31.68,56.0,3.83
438,Bluff,88,46,-23.58,84.44,16.02
439,Tubuala,0,88,9.52,69.8,2.24
440,Port Alfred,80,95,-33.59,70.85,10.87
441,Ushuaia,75,80,-54.81,41.0,16.11
442,Punta Arenas,0,80,-53.16,41.0,11.41
443,Grindavik,75,92,63.84,27.28,14.99
444,Rikitea,20,100,-23.12,79.04,4.94
445,Salisbury,90,93,51.07,49.73,14.99
446,Vestmannaeyjar,92,100,63.44,33.77,17.81
447,Gornopravdinsk,0,59,60.06,19.82,3.94
448,Richards Bay,0,78,-28.77,76.16,10.42
449,Punta Arenas,0,80,-53.16,41.0,11.41
450,Hofn,0,100,64.25,24.95,18.59
451,Jiuquan,8,77,39.73,44.12,6.06
452,Clyde River,90,84,70.47,8.6,4.7
453,Bredasdorp,8,93,-34.53,59.0,13.0
454,Rikitea,20,100,-23.12,79.04,4.94
455,Vardo,90,70,39.62,43.11,4.7
456,Carnarvon,92,96,-30.97,58.34,6.62
457,Talnakh,12,91,69.49,-7.46,4.16
458,Vao,76,87,59.1,30.44,14.45
459,Ribeira Grande,20,58,38.52,57.2,18.34
460,Tiksi,36,85,71.64,13.97,7.07
461,Dudinka,32,82,69.41,-5.03,5.06
462,Punta Arenas,0,80,-53.16,41.0,11.41
463,Kahului,90,100,20.89,69.49,9.17
464,Punta Arenas,0,80,-53.16,41.0,11.41
465,Cayenne,20,88,4.94,77.0,3.36
466,Palmer,0,56,-34.85,69.8,11.41
467,Port Alfred,80,95,-33.59,70.85,10.87
468,Kaeo,20,52,-35.1,71.3,3.6
469,Madisonville,90,93,37.33,51.78,5.82
470,Doha,0,36,25.29,80.6,10.29
471,Narsaq,64,68,60.91,32.0,5.82
472,Quang Ngai,0,53,15.12,84.53,3.38
473,Rodrigues Alves,90,94,-7.74,75.2,2.59
474,Ushuaia,75,80,-54.81,41.0,16.11
475,Veraval,44,87,49.65,50.59,11.41
476,Zhigansk,80,56,66.77,14.6,8.3
477,Kapaa,40,83,22.08,71.47,8.05
478,Paragominas,92,100,-3.0,73.1,3.71
479,Ushuaia,75,80,-54.81,41.0,16.11
480,Vestmannaeyjar,92,100,63.44,33.77,17.81
481,Pingxiang,76,100,27.63,69.59,2.37
482,Albany,90,69,42.65,30.13,6.93
483,Beringovskiy,0,95,63.05,27.65,5.17
484,Batagay-Alyta,76,88,67.8,19.28,4.27
485,Alofi,92,94,-19.06,78.8,4.7
486,Jamestown,0,33,-33.21,75.44,6.96
487,Vaini,0,39,15.34,91.64,3.27
488,Vao,76,87,59.1,30.44,14.45
489,Surt,8,100,31.21,56.9,8.97
490,Atuona,68,100,-9.8,81.38,16.35
491,Luderitz,80,82,-26.65,62.6,1.12
492,Hobart,20,40,-42.88,69.8,17.22
493,Port Elizabeth,75,86,39.31,36.82,7.07
494,Ushuaia,75,80,-54.81,41.0,16.11
495,Lorengau,44,100,-2.02,82.37,9.86
496,Rincon de La Victoria,88,99,-21.52,48.35,1.48
497,Albany,90,69,42.65,30.13,6.93
498,Mataura,92,73,-46.19,59.15,27.98
499,Lagos,20,88,6.46,82.4,2.24
500,Barrow,0,91,-38.31,54.56,9.19
501,Nanortalik,44,100,60.14,32.33,18.81
502,La Asuncion,88,97,-1.64,45.65,0.92
503,Makakilo City,90,94,21.35,69.84,9.17
504,Englehart,75,85,47.82,15.8,10.29
505,Broken Hill,0,34,-31.97,77.69,14.56
506,Busselton,0,83,-33.64,75.44,9.42
507,Baykit,44,78,61.68,19.19,6.4
508,Upernavik,20,90,72.79,12.98,12.66
509,Tilichiki,88,94,60.47,33.95,11.21
510,Ushuaia,75,80,-54.81,41.0,16.11
511,Cape Town,0,77,-33.93,64.4,5.82
512,Jamestown,0,33,-33.21,75.44,6.96
513,Sao Geraldo do Araguaia,88,99,-6.4,73.01,4.61
514,Rikitea,20,100,-23.12,79.04,4.94
515,New Norfolk,20,40,-42.78,69.8,17.22
516,Butaritari,80,100,3.07,82.82,10.2
517,Mataura,92,73,-46.19,59.15,27.98
518,Kodiak,90,100,39.95,33.8,3.36
519,Lukovetskiy,90,100,64.29,35.6,15.66
520,Victoria,75,70,5.28,83.98,6.93
521,Inuvik,75,77,68.36,-2.42,3.36
522,Ushuaia,75,80,-54.81,41.0,16.11
523,Kinsale,75,100,51.71,44.6,8.05
524,Vaini,0,39,15.34,91.64,3.27
525,Punta Arenas,0,80,-53.16,41.0,11.41
526,Yellowknife,5,63,62.45,-7.61,8.05
527,Hermanus,76,96,-34.42,62.3,5.95
528,Ancud,100,97,-41.87,57.08,4.05
529,Grimstad,0,73,66.94,19.17,14.99
530,Broken Hill,0,34,-31.97,77.69,14.56
531,Rikitea,20,100,-23.12,79.04,4.94
532,Grindavik,75,92,63.84,27.28,14.99
533,Hasaki,40,64,35.73,72.73,9.17
534,Albany,90,69,42.65,30.13,6.93
535,Saint-Philippe,1,75,45.36,31.95,5.82
536,Syamzha,88,100,60.02,37.55,19.82
537,Butaritari,80,100,3.07,82.82,10.2
538,Pimentel,80,99,-3.7,72.65,2.93
539,Wapi Pathum,40,40,15.84,91.56,6.93
540,Port Lincoln,0,83,-34.72,67.88,7.63
541,Albany,90,69,42.65,30.13,6.93
542,Rajshahi,0,69,24.37,88.4,4.61
543,Boffa,48,86,10.18,72.83,1.81
544,Bredasdorp,8,93,-34.53,59.0,13.0
545,New Norfolk,20,40,-42.78,69.8,17.22
546,Busselton,0,83,-33.64,75.44,9.42
547,Bilma,0,29,18.69,60.77,2.71
548,Iberia,48,98,-11.41,73.1,2.15
549,Ushuaia,75,80,-54.81,41.0,16.11
550,Pangnirtung,56,78,66.15,29.0,13.67
551,Plastun,48,37,44.76,38.99,9.86
552,Mazatlan,90,100,23.22,62.6,2.26
553,Butaritari,80,100,3.07,82.82,10.2
554,Arys,0,36,42.43,64.4,15.66
555,Rikitea,20,100,-23.12,79.04,4.94
556,Thompson,5,57,55.74,-13.01,4.38
557,Nikolskoye,90,95,59.7,32.0,17.9
558,Luderitz,80,82,-26.65,62.6,1.12
559,Jamestown,0,33,-33.21,75.44,6.96
560,Shebunino,92,96,57.66,34.94,14.12
561,Mount Pleasant,1,78,33.16,68.67,9.17
562,Boguchany,76,63,58.38,28.37,5.5
563,Upernavik,20,90,72.79,12.98,12.66
564,Tasiilaq,44,79,65.61,19.4,17.22
565,Batagay-Alyta,76,88,67.8,19.28,4.27
566,Curvelo,48,77,-18.76,71.75,2.26
567,Nagua,88,96,19.37,73.64,3.6
568,Ushuaia,75,80,-54.81,41.0,16.11
569,Airai,8,64,-8.93,82.73,1.25
570,Mongo,24,94,4.83,75.35,2.37
571,Avarua,75,88,-21.21,77.0,8.05
572,Yellowknife,5,63,62.45,-7.61,8.05
573,Saldanha,92,100,41.42,46.01,13.67
574,Iberia,48,98,-11.41,73.1,2.15
575,Mar del Plata,64,57,-46.43,65.54,17.25
576,Rikitea,20,100,-23.12,79.04,4.94
577,Vaini,0,39,15.34,91.64,3.27
578,Punta Arenas,0,80,-53.16,41.0,11.41
579,Punta Arenas,0,80,-53.16,41.0,11.41
580,Port Macquarie,75,73,-31.43,75.2,8.05
581,Lisakovsk,0,100,52.55,35.57,6.29
582,Mataura,92,73,-46.19,59.15,27.98
583,Tasiilaq,44,79,65.61,19.4,17.22
584,Hobart,20,40,-42.88,69.8,17.22
585,Hobart,20,40,-42.88,69.8,17.22
586,Vila,40,93,45.18,46.44,2.24
587,Hobart,20,40,-42.88,69.8,17.22
588,Atuona,68,100,-9.8,81.38,16.35
589,Cabo San Lucas,0,98,22.89,68.96,14.23
590,Ushuaia,75,80,-54.81,41.0,16.11
591,Necochea,0,96,-38.55,52.4,6.4
592,Belaya Gora,20,94,68.54,29.81,8.19
593,Khatanga,48,92,71.98,-4.04,4.94
594,Nishihara,1,56,35.74,71.13,13.87
595,Torbay,90,74,47.66,28.4,8.05
596,Saskylakh,0,75,71.97,0.2,6.96
597,Cape Town,0,77,-33.93,64.4,5.82
598,Hofn,0,100,64.25,24.95,18.59
599,Punta Arenas,0,80,-53.16,41.0,11.41
600,Cape Town,0,77,-33.93,64.4,5.82
601,Vaini,0,39,15.34,91.64,3.27
602,Ushuaia,75,80,-54.81,41.0,16.11
603,Chateaubelair,20,78,13.28,78.8,16.11
604,Lethem,44,76,3.38,78.77,11.65
605,Saint-Augustin,0,87,44.83,50.81,10.29
606,Ushuaia,75,80,-54.81,41.0,16.11
607,Rikitea,20,100,-23.12,79.04,4.94
608,Cape Town,0,77,-33.93,64.4,5.82
609,Busselton,0,83,-33.64,75.44,9.42
610,Luderitz,80,82,-26.65,62.6,1.12
611,Alexandria,40,100,31.31,68.49,5.82
612,Saratov,0,69,51.53,35.6,13.42
613,Bluff,88,46,-23.58,84.44,16.02
614,Hagenow,90,100,53.43,44.6,5.82
615,Lavrentiya,0,84,65.58,24.05,2.59
616,Cherskiy,20,73,68.75,32.24,5.73
617,Ushuaia,75,80,-54.81,41.0,16.11
618,Moranbah,48,67,-22.0,77.6,18.7
619,Cherskiy,20,73,68.75,32.24,5.73
620,Ushuaia,75,80,-54.81,41.0,16.11
621,Padang,20,100,-0.92,81.47,5.39
622,Broken Hill,0,34,-31.97,77.69,14.56
623,Mar del Plata,64,57,-46.43,65.54,17.25
624,Boa Vista,90,65,2.82,82.4,13.87
625,Talnakh,12,91,69.49,-7.46,4.16
626,Esperance,20,83,10.24,77.0,5.61
627,Faya,5,55,18.39,64.4,5.82
628,Kamenka,88,95,53.19,34.31,16.13
629,Bredasdorp,8,93,-34.53,59.0,13.0
630,Colares,40,93,38.8,56.59,14.99
631,Cape Town,0,77,-33.93,64.4,5.82
632,Santa Maria,76,97,-29.69,64.28,2.59
633,Atuona,68,100,-9.8,81.38,16.35
634,San Ramon,36,98,12.92,63.92,1.92
635,Carauari,36,95,-4.88,76.07,2.37
636,Mahalapye,20,87,-23.11,66.17,5.73
637,Barrow,0,91,-38.31,54.56,9.19
638,Sao Miguel do Araguaia,48,97,-13.28,70.4,3.38
639,Busselton,0,83,-33.64,75.44,9.42
640,Pevek,0,69,69.7,31.61,9.64
641,Qaanaaq,0,84,77.48,-5.84,9.75
642,Rikitea,20,100,-23.12,79.04,4.94
643,Boshnyakovo,36,71,49.65,28.64,15.35
644,Hilo,1,88,19.71,73.4,6.93
645,New Norfolk,20,40,-42.78,69.8,17.22
646,Rikitea,20,100,-23.12,79.04,4.94
647,Barrow,0,91,-38.31,54.56,9.19
648,Jamestown,0,33,-33.21,75.44,6.96
649,Maragogi,92,100,-9.01,75.8,1.7
650,Busselton,0,83,-33.64,75.44,9.42
651,East London,90,88,-33.02,69.8,9.17
652,Busselton,0,83,-33.64,75.44,9.42
653,Butaritari,80,100,3.07,82.82,10.2
654,Port Alfred,80,95,-33.59,70.85,10.87
655,Nelson Bay,75,60,-32.72,75.2,18.34
656,Ambovombe,20,80,-25.18,79.04,17.92
657,Dikson,36,91,73.51,1.55,18.81
658,Rantauprapat,68,79,2.1,82.19,2.59
659,Cape Town,0,77,-33.93,64.4,5.82
660,Hithadhoo,48,100,-0.6,84.35,3.83
661,Bilma,0,29,18.69,60.77,2.71
662,Ribeira Grande,20,58,38.52,57.2,18.34
663,Cape Town,0,77,-33.93,64.4,5.82
664,Zeya,64,37,53.74,20.09,10.54
665,Nanortalik,44,100,60.14,32.33,18.81
666,Zaraza,8,87,9.35,75.53,9.98
667,Deputatskiy,64,92,69.3,17.57,4.61
668,Uturoa,80,100,-16.73,81.83,11.54
669,Albany,90,69,42.65,30.13,6.93
670,Paysandu,24,77,-32.32,66.71,7.18
671,Yellowknife,5,63,62.45,-7.61,8.05
672,Rikitea,20,100,-23.12,79.04,4.94
673,Vaini,0,39,15.34,91.64,3.27
674,Hamilton,75,86,43.26,34.32,4.7
675,Atuona,68,100,-9.8,81.38,16.35
676,Kahului,90,100,20.89,69.49,9.17
677,Hithadhoo,48,100,-0.6,84.35,3.83
678,Norman Wells,20,70,65.28,-0.41,5.82
679,Hualmay,20,89,-11.1,64.01,4.16
680,George Town,75,66,5.42,89.6,5.82
681,Manggar,32,100,-2.88,79.67,4.38
682,Mar del Plata,64,57,-46.43,65.54,17.25
683,Lavrentiya,0,84,65.58,24.05,2.59
684,Dikson,36,91,73.51,1.55,18.81
685,Carnarvon,92,96,-30.97,58.34,6.62
686,Atuona,68,100,-9.8,81.38,16.35
687,Vaini,0,39,15.34,91.64,3.27
688,Kavaratti,0,100,10.57,85.07,5.39
689,Bay City,90,59,43.59,35.6,3.15
690,Mahebourg,75,79,-20.41,84.2,6.93
691,Butaritari,80,100,3.07,82.82,10.2
692,Dikson,36,91,73.51,1.55,18.81
693,Albany,90,69,42.65,30.13,6.93
694,Cidreira,80,97,-30.17,67.97,6.73
695,Kutulik,0,76,53.35,31.16,8.63
696,Algiers,75,100,29.94,70.52,5.82
697,Itarema,48,94,-2.92,74.45,3.04
698,Vaini,0,39,15.34,91.64,3.27
699,Jizan,20,62,16.89,87.8,2.26
700,Punta Arenas,0,80,-53.16,41.0,11.41
701,Butaritari,80,100,3.07,82.82,10.2
702,Vaini,0,39,15.34,91.64,3.27
703,Qaanaaq,0,84,77.48,-5.84,9.75
704,Cape Town,0,77,-33.93,64.4,5.82
705,Rikitea,20,100,-23.12,79.04,4.94
706,Wyszkow,0,74,52.59,37.4,5.82
707,Khatanga,48,92,71.98,-4.04,4.94
708,Leningradskiy,0,84,69.38,22.88,8.97
709,Dingle,64,75,11.0,82.55,8.41
710,Berdigestyakh,32,43,62.1,11.9,11.77
711,Pontianak,48,82,-0.02,86.69,3.38
712,Sitka,0,29,37.17,64.82,20.49
713,Barcelos,75,87,41.53,55.4,14.99
714,Shimoda,75,68,34.7,71.6,18.34
715,Thio,20,74,-21.61,78.8,18.34
716,Pisco,0,73,-13.71,69.8,9.17
717,Puerto Ayora,44,100,-0.74,75.26,6.06
718,Tasiilaq,44,79,65.61,19.4,17.22
719,Killybegs,92,100,54.63,39.89,9.53
720,Cape Town,0,77,-33.93,64.4,5.82
721,Hervey Bay,92,90,-25.3,77.69,17.92
722,Dikson,36,91,73.51,1.55,18.81
723,Parry Sound,80,83,45.34,24.05,1.92
724,Avarua,75,88,-21.21,77.0,8.05
725,Richards Bay,0,78,-28.77,76.16,10.42
726,Jamestown,0,33,-33.21,75.44,6.96
727,Pisco,0,73,-13.71,69.8,9.17
728,Kaitangata,0,57,-46.28,60.68,28.1
729,Faanui,76,100,-16.48,82.19,11.43
730,Hermanus,76,96,-34.42,62.3,5.95
731,New Norfolk,20,40,-42.78,69.8,17.22
732,Tasiilaq,44,79,65.61,19.4,17.22
733,Jamestown,0,33,-33.21,75.44,6.96
734,Port Alfred,80,95,-33.59,70.85,10.87
735,Gurmatkal,0,35,16.87,95.42,7.74
736,Dudinka,32,82,69.41,-5.03,5.06
737,Hofn,0,100,64.25,24.95,18.59
738,Butaritari,80,100,3.07,82.82,10.2
739,Jamestown,0,33,-33.21,75.44,6.96
740,Tuktoyaktuk,76,78,69.44,-3.03,9.17
741,Aykhal,24,68,65.95,11.09,6.96
742,Airai,8,64,-8.93,82.73,1.25
743,Ushuaia,75,80,-54.81,41.0,16.11
744,Hithadhoo,48,100,-0.6,84.35,3.83
745,Chumikan,76,65,54.72,29.09,11.32
746,Barrow,0,91,-38.31,54.56,9.19
747,Hermanus,76,96,-34.42,62.3,5.95
748,Kapaa,40,83,22.08,71.47,8.05
749,Paramonga,32,98,-10.68,67.34,10.65
750,Mayumba,92,100,-3.44,77.51,2.82
751,Yellowknife,5,63,62.45,-7.61,8.05
752,Viedma,0,47,-40.81,66.17,14.34
753,Borogontsy,88,58,62.67,17.39,10.31
754,Kapaa,40,83,22.08,71.47,8.05
755,Masvingo,0,80,-20.08,64.01,4.38
756,Santa Ana,40,94,13.99,76.08,2.24
757,Lasa,0,56,34.92,65.98,2.24
758,Barrow,0,91,-38.31,54.56,9.19
759,San Patricio,8,94,-26.98,64.19,2.15
760,Tiksi,36,85,71.64,13.97,7.07
761,Cherskiy,20,73,68.75,32.24,5.73
762,Provideniya,20,100,64.42,28.4,2.24
763,Ilulissat,20,78,69.22,10.4,2.24
764,Mar del Plata,64,57,-46.43,65.54,17.25
765,Yenagoa,44,93,4.92,76.7,5.39
766,Bluff,88,46,-23.58,84.44,16.02
767,Bluff,88,46,-23.58,84.44,16.02
768,Hasaki,40,64,35.73,72.73,9.17
769,Kodiak,90,100,39.95,33.8,3.36
770,Ushuaia,75,80,-54.81,41.0,16.11
771,Puerto Ayacucho,88,99,5.66,71.48,2.37
772,Hobart,20,40,-42.88,69.8,17.22
773,Torbay,90,74,47.66,28.4,8.05
774,Tuktoyaktuk,76,78,69.44,-3.03,9.17
775,Qaanaaq,0,84,77.48,-5.84,9.75
776,Butaritari,80,100,3.07,82.82,10.2
777,Rikitea,20,100,-23.12,79.04,4.94
778,Mozarlandia,48,86,-14.74,73.19,4.16
779,Muswellbrook,76,74,-32.27,74.27,8.75
780,Rikitea,20,100,-23.12,79.04,4.94
781,Mahebourg,75,79,-20.41,84.2,6.93
782,Port Alfred,80,95,-33.59,70.85,10.87
783,Labuhan,44,85,-2.54,80.84,3.27
784,Albany,90,69,42.65,30.13,6.93
785,Thompson,5,57,55.74,-13.01,4.38
786,Hobart,20,40,-42.88,69.8,17.22
787,Busselton,0,83,-33.64,75.44,9.42
788,Yellowknife,5,63,62.45,-7.61,8.05
789,Saskylakh,0,75,71.97,0.2,6.96
790,Manzil Salim,75,47,35.86,57.2,2.24
791,Bristol,75,100,51.45,48.58,12.75
792,Puerto Ayora,44,100,-0.74,75.26,6.06
793,Bani,32,100,15.89,77.51,3.94
794,Vaini,0,39,15.34,91.64,3.27
795,Mnogovershinnyy,88,83,53.94,29.09,7.96
796,Oranjestad,80,100,12.52,77.42,15.68
797,Victoria,75,70,5.28,83.98,6.93
798,New Norfolk,20,40,-42.78,69.8,17.22
799,Punta Arenas,0,80,-53.16,41.0,11.41
800,Busselton,0,83,-33.64,75.44,9.42
801,Hermanus,76,96,-34.42,62.3,5.95
802,Mehamn,75,93,71.03,32.0,25.28
803,Georgetown,75,100,6.8,73.4,5.5
804,Port Hedland,0,26,-20.31,104.0,11.41
805,Esna,0,83,45.2,46.55,5.95
806,Cidreira,80,97,-30.17,67.97,6.73
807,Hermanus,76,96,-34.42,62.3,5.95
808,Yellowknife,5,63,62.45,-7.61,8.05
809,Ribeira Grande,20,58,38.52,57.2,18.34
810,Caravelas,8,100,-17.73,80.12,15.01
811,Walvis Bay,92,88,-22.95,68.0,1.12
812,Sao Filipe,56,100,14.9,67.97,14.23
813,Cape Town,0,77,-33.93,64.4,5.82
814,Nanortalik,44,100,60.14,32.33,18.81
815,Oussouye,0,88,12.49,67.12,9.17
816,Leticia,90,100,-4.21,75.2,2.82
817,Bambous Virieux,75,88,-20.34,80.6,8.05
818,Atuona,68,100,-9.8,81.38,16.35
819,Ushuaia,75,80,-54.81,41.0,16.11
820,Bluff,88,46,-23.58,84.44,16.02
821,Kapaa,40,83,22.08,71.47,8.05
822,Barrow,0,91,-38.31,54.56,9.19
823,Ostrovnoy,92,97,68.05,28.01,18.7
824,Kenai,1,68,60.55,27.48,5.82
825,Hilo,1,88,19.71,73.4,6.93
826,Aswan,0,21,24.09,71.6,4.7
827,Atuona,68,100,-9.8,81.38,16.35
828,Hermanus,76,96,-34.42,62.3,5.95
829,Punta Arenas,0,80,-53.16,41.0,11.41
830,Port Alfred,80,95,-33.59,70.85,10.87
831,Kabare,88,100,-1.65,60.77,2.48
832,Vaini,0,39,15.34,91.64,3.27
833,Kaitangata,0,57,-46.28,60.68,28.1
834,Lebu,75,82,8.96,59.0,8.05
835,Port Alfred,80,95,-33.59,70.85,10.87
836,Cape Town,0,77,-33.93,64.4,5.82
837,Tuktoyaktuk,76,78,69.44,-3.03,9.17
838,Tasiilaq,44,79,65.61,19.4,17.22
839,Albany,90,69,42.65,30.13,6.93
840,Port Elizabeth,75,86,39.31,36.82,7.07
841,Ausa,0,30,18.25,95.42,5.5
842,Bilibino,0,80,68.06,37.37,4.83
843,Mount Isa,75,28,-20.73,95.0,12.75
844,Clyde River,90,84,70.47,8.6,4.7
845,Pacific Grove,75,76,36.62,52.25,5.82
846,Carnarvon,92,96,-30.97,58.34,6.62
847,Ushuaia,75,80,-54.81,41.0,16.11
848,Tiksi,36,85,71.64,13.97,7.07
849,Carnarvon,92,96,-30.97,58.34,6.62
850,Chicama,75,93,-7.84,66.2,6.93
851,Bredasdorp,8,93,-34.53,59.0,13.0
852,Kapaa,40,83,22.08,71.47,8.05
853,Butaritari,80,100,3.07,82.82,10.2
854,Vila do Maio,75,72,15.13,66.2,14.99
855,Busselton,0,83,-33.64,75.44,9.42
856,Bambous Virieux,75,88,-20.34,80.6,8.05
857,Ushuaia,75,80,-54.81,41.0,16.11
858,Kamenka,88,95,53.19,34.31,16.13
859,Ayagoz,20,77,47.96,32.06,13.67
860,Victoria,75,70,5.28,83.98,6.93
861,Port Alfred,80,95,-33.59,70.85,10.87
862,Pevek,0,69,69.7,31.61,9.64
863,Mayumba,92,100,-3.44,77.51,2.82
864,Bluff,88,46,-23.58,84.44,16.02
865,Wagar,68,84,31.44,65.54,5.17
866,Portland,20,56,45.52,39.63,3.36
867,Avarua,75,88,-21.21,77.0,8.05
868,Punta Arenas,0,80,-53.16,41.0,11.41
869,Busselton,0,83,-33.64,75.44,9.42
870,Ushuaia,75,80,-54.81,41.0,16.11
871,Barrow,0,91,-38.31,54.56,9.19
872,Hermanus,76,96,-34.42,62.3,5.95
873,Dingle,64,75,11.0,82.55,8.41
874,Albany,90,69,42.65,30.13,6.93
875,Azanka,64,79,58.04,31.97,4.38
876,Albany,90,69,42.65,30.13,6.93
877,Mao,40,100,19.55,71.6,3.36
878,Katsuura,20,44,33.93,75.2,13.87
879,Severo-Kurilsk,92,99,50.68,31.25,18.14
880,Vardo,90,70,39.62,43.11,4.7
881,Bose,75,87,45.46,39.61,3.36
882,Beloha,0,68,-25.17,81.65,16.02
883,Cape Town,0,77,-33.93,64.4,5.82
884,Kapaa,40,83,22.08,71.47,8.05
885,Beipiao,88,67,41.8,34.85,14.23
886,Hermanus,76,96,-34.42,62.3,5.95
887,Rawlins,1,44,41.79,21.2,29.97
888,Ushuaia,75,80,-54.81,41.0,16.11
889,Ushuaia,75,80,-54.81,41.0,16.11
890,Yellowknife,5,63,62.45,-7.61,8.05
891,Severo-Kurilsk,92,99,50.68,31.25,18.14
892,Hervey Bay,92,90,-25.3,77.69,17.92
893,Mlonggo,24,87,-6.53,85.07,4.72
894,Port Elizabeth,75,86,39.31,36.82,7.07
895,Tuatapere,56,100,-46.13,57.8,26.98
896,Torbay,90,74,47.66,28.4,8.05
897,Bambous Virieux,75,88,-20.34,80.6,8.05
898,Mar del Plata,64,57,-46.43,65.54,17.25
899,Jalu,0,61,29.03,57.17,8.08
900,Hobart,20,40,-42.88,69.8,17.22
901,Lorengau,44,100,-2.02,82.37,9.86
902,Cabo San Lucas,0,98,22.89,68.96,14.23
903,Hamilton,75,86,43.26,34.32,4.7
904,Jamestown,0,33,-33.21,75.44,6.96
905,Ilulissat,20,78,69.22,10.4,2.24
906,Cape Town,0,77,-33.93,64.4,5.82
907,Jamestown,0,33,-33.21,75.44,6.96
908,Vaini,0,39,15.34,91.64,3.27
909,Provideniya,20,100,64.42,28.4,2.24
910,Los Llanos de Aridane,75,72,28.66,60.8,4.7
911,Barrow,0,91,-38.31,54.56,9.19
912,Soe,90,80,57.91,30.2,20.8
913,Atuona,68,100,-9.8,81.38,16.35
914,Newport,75,100,51.59,47.48,12.75
915,Cidreira,80,97,-30.17,67.97,6.73
916,Kaduqli,12,29,11.01,79.49,3.6
917,Barrow,0,91,-38.31,54.56,9.19
918,Hobart,20,40,-42.88,69.8,17.22
919,Cherskiy,20,73,68.75,32.24,5.73
920,Aklavik,75,77,68.22,-0.41,3.36
921,Albany,90,69,42.65,30.13,6.93
922,Porosozero,92,97,62.72,36.83,5.95
923,Rikitea,20,100,-23.12,79.04,4.94
924,Mataura,92,73,-46.19,59.15,27.98
925,Carnarvon,92,96,-30.97,58.34,6.62
926,Vaini,0,39,15.34,91.64,3.27
927,Saskylakh,0,75,71.97,0.2,6.96
928,Hobart,20,40,-42.88,69.8,17.22
929,Biak,76,91,-0.91,82.82,2.59
930,Rocky Mountain House,12,71,52.38,6.05,4.27
931,Punta Arenas,0,80,-53.16,41.0,11.41
932,Rikitea,20,100,-23.12,79.04,4.94
933,Avarua,75,88,-21.21,77.0,8.05
934,Mataura,92,73,-46.19,59.15,27.98
935,Izhma,92,80,65.01,29.45,11.99
936,Albany,90,69,42.65,30.13,6.93
937,Cape Town,0,77,-33.93,64.4,5.82
938,Rikitea,20,100,-23.12,79.04,4.94
939,Arraial do Cabo,24,96,-22.97,75.35,2.71
940,Kodiak,90,100,39.95,33.8,3.36
941,Vaini,0,39,15.34,91.64,3.27
942,Leningradskiy,0,84,69.38,22.88,8.97
943,Zinder,0,6,13.81,78.8,9.17
944,Rikitea,20,100,-23.12,79.04,4.94
945,Hithadhoo,48,100,-0.6,84.35,3.83
946,Mount Isa,75,28,-20.73,95.0,12.75
947,Ugoofaaru,36,97,5.67,85.79,6.17
948,Kilindoni,92,100,-7.91,75.62,3.04
949,Jamestown,0,33,-33.21,75.44,6.96
950,Hithadhoo,48,100,-0.6,84.35,3.83
951,Lorengau,44,100,-2.02,82.37,9.86
952,Thinadhoo,48,99,0.53,85.97,4.5
953,Arraial do Cabo,24,96,-22.97,75.35,2.71
954,Mataura,92,73,-46.19,59.15,27.98
955,Avera,1,67,33.19,58.64,5.82
956,Punta Arenas,0,80,-53.16,41.0,11.41
957,Yellowknife,5,63,62.45,-7.61,8.05
958,Zarichne,0,90,51.81,36.02,8.63
959,Manokwari,12,100,-0.87,83.36,17.69
960,Kaoma,0,72,-14.8,68.15,13.22
961,Atuona,68,100,-9.8,81.38,16.35
962,Bethel,1,63,60.79,28.4,13.87
963,Meulaboh,0,100,4.14,85.25,2.93
964,Butaritari,80,100,3.07,82.82,10.2
965,Avera,1,67,33.19,58.64,5.82
966,Ushuaia,75,80,-54.81,41.0,16.11
967,Richards Bay,0,78,-28.77,76.16,10.42
968,Atuona,68,100,-9.8,81.38,16.35
969,Severo-Kurilsk,92,99,50.68,31.25,18.14
970,Coquimbo,0,87,-29.95,55.4,6.93
971,Belozerskoye,36,100,55.82,32.96,4.72
972,Fram,0,50,46.45,47.84,20.8
973,Lebu,75,82,8.96,59.0,8.05
974,Jamestown,0,33,-33.21,75.44,6.96
975,Kabinda,92,100,-6.14,67.88,5.39
976,Hilo,1,88,19.71,73.4,6.93
977,Albany,90,69,42.65,30.13,6.93
978,Dikson,36,91,73.51,1.55,18.81
979,Hithadhoo,48,100,-0.6,84.35,3.83
980,Waingapu,24,100,-9.65,79.04,3.71
981,Mount Darwin,64,81,-16.77,68.24,8.19
982,Puerto Ayora,44,100,-0.74,75.26,6.06
983,Fairview,1,80,40.81,33.22,4.05
984,Bougouni,92,68,11.42,74.09,2.71
985,Saskylakh,0,75,71.97,0.2,6.96
986,Neyshabur,0,84,36.21,59.15,3.15
987,Den Helder,90,93,52.96,48.15,18.34
988,Mount Gambier,0,62,-37.83,68.6,4.38
989,Lesogorsk,24,36,56.05,35.21,5.06
990,Mahibadhoo,80,100,3.78,85.43,2.71
991,Port Alfred,80,95,-33.59,70.85,10.87
992,Hobart,20,40,-42.88,69.8,17.22
993,Qaanaaq,0,84,77.48,-5.84,9.75
994,Lompoc,90,87,34.64,51.8,3.36
995,Lagoa,40,100,37.14,57.2,8.05
996,Namibe,68,100,-15.19,78.14,1.48
997,Hasaki,40,64,35.73,72.73,9.17
998,Puerto Ayora,44,100,-0.74,75.26,6.06
999,Vardo,90,70,39.62,43.11,4.7
1000,Ust-Omchug,64,69,61.13,24.5,6.29
1001,Boddam,90,93,57.47,35.6,10.29
1002,Jamestown,0,33,-33.21,75.44,6.96
1003,Jamestown,0,33,-33.21,75.44,6.96
1004,Bluff,88,46,-23.58,84.44,16.02
1005,Albany,90,69,42.65,30.13,6.93
1006,Mataura,92,73,-46.19,59.15,27.98
1007,Hermanus,76,96,-34.42,62.3,5.95
1008,Chokurdakh,8,88,70.62,23.51,15.68
1009,Hobart,20,40,-42.88,69.8,17.22
1010,Gladstone,92,75,-23.84,77.33,20.04
1011,Cayenne,20,88,4.94,77.0,3.36
1012,Lebu,75,82,8.96,59.0,8.05
1013,Ketchikan,90,93,55.34,34.63,9.98
1014,Saint George,0,71,39.45,51.8,4.7
1015,Punta Arenas,0,80,-53.16,41.0,11.41
1016,Zemio,32,97,5.02,71.12,3.71
1017,Punta Arenas,0,80,-53.16,41.0,11.41
1018,Kapaa,40,83,22.08,71.47,8.05
1019,Srednekolymsk,8,70,67.46,37.19,6.4
1020,Biloela,80,50,-24.4,79.94,15.46
1021,Cansahcab,5,65,21.16,77.0,9.17
1022,Naze,88,97,5.43,74.27,3.94
1023,Hithadhoo,48,100,-0.6,84.35,3.83
1024,Pokosnoye,8,40,55.53,32.42,6.17
1025,Tulum,20,88,20.21,73.4,4.7
1026,Whittlesea,0,52,-37.51,66.2,8.05
1027,Jamestown,0,33,-33.21,75.44,6.96
1028,Bluff,88,46,-23.58,84.44,16.02
1029,Belomorsk,88,92,64.52,37.55,9.08
1030,Port-Gentil,40,100,-0.72,77.0,2.24
1031,Port Elizabeth,75,86,39.31,36.82,7.07
1032,Ushuaia,75,80,-54.81,41.0,16.11
1033,Elizabeth City,90,87,36.3,45.3,10.29
1034,Tete,44,73,-16.16,76.79,8.52
1035,Coruripe,92,100,-10.12,76.97,5.39
1036,Swellendam,92,93,-34.02,59.0,4.83
1037,Severo-Kurilsk,92,99,50.68,31.25,18.14
1038,Butaritari,80,100,3.07,82.82,10.2
1039,Vaini,0,39,15.34,91.64,3.27
1040,Egypt Lake-Leto,75,100,28.02,68.81,6.06
1041,Chuy,56,99,-33.69,66.44,5.17
1042,Longyearbyen,75,55,78.22,10.4,18.34
1043,Puerto Ayora,44,100,-0.74,75.26,6.06
1044,Farnham,75,93,51.22,49.59,13.87
1045,Vaini,0,39,15.34,91.64,3.27
1046,Rikitea,20,100,-23.12,79.04,4.94
1047,Tiksi,36,85,71.64,13.97,7.07
1048,Manaus,40,94,-3.13,77.0,2.37
1049,Tuktoyaktuk,76,78,69.44,-3.03,9.17
1050,Ushuaia,75,80,-54.81,41.0,16.11
1051,Bambous Virieux,75,88,-20.34,80.6,8.05
1052,Gboko,20,89,7.32,75.71,10.65
1053,Isabela,48,79,10.2,83.0,2.15
1054,Ribeira Grande,20,58,38.52,57.2,18.34
1055,Clyde River,90,84,70.47,8.6,4.7
1056,Pozoblanco,40,93,38.38,55.4,3.36
1057,Rikitea,20,100,-23.12,79.04,4.94
1058,Ponta do Sol,44,94,-20.63,64.19,3.04
1059,Tuktoyaktuk,76,78,69.44,-3.03,9.17
1060,Rio Gallegos,0,86,-51.62,39.2,10.29
1061,Kiunga,88,93,-6.12,77.69,4.38
1062,Ponta Delgada,20,58,37.73,59.0,18.34
1063,Qaanaaq,0,84,77.48,-5.84,9.75
1064,Avarua,75,88,-21.21,77.0,8.05
1065,Karaton,40,62,-6.34,89.6,12.75
1066,San Policarpo,80,92,12.18,81.74,11.65
1067,Pevek,0,69,69.7,31.61,9.64
1068,Nikolskoye,90,95,59.7,32.0,17.9
1069,Tessalit,0,35,20.2,62.03,3.38
1070,Punta Arenas,0,80,-53.16,41.0,11.41
1071,Klyuchi,56,76,52.25,30.71,13.56
1072,Praia da Vitoria,75,71,38.73,57.2,31.12
1073,Atuona,68,100,-9.8,81.38,16.35
1074,Leningradskiy,0,84,69.38,22.88,8.97
1075,Georgetown,75,100,6.8,73.4,5.5
1076,Atambua,12,90,-9.11,85.97,3.15
1077,Qaanaaq,0,84,77.48,-5.84,9.75
1078,Kodiak,90,100,39.95,33.8,3.36
1079,Mataura,92,73,-46.19,59.15,27.98
1080,Yellowknife,5,63,62.45,-7.61,8.05
1081,Egvekinot,0,94,66.32,29.09,2.48
1082,Punta Arenas,0,80,-53.16,41.0,11.41
1083,Bethel,1,63,60.79,28.4,13.87
1084,Bethel,1,63,60.79,28.4,13.87
1085,Talakan,56,31,50.29,30.17,15.68
1086,Roald,0,68,62.58,25.21,13.87
1087,Hermanus,76,96,-34.42,62.3,5.95
1088,Bambous Virieux,75,88,-20.34,80.6,8.05
1089,Isla Vista,1,87,34.41,53.2,4.7
1090,Okhotsk,68,71,59.36,28.46,17.69
1091,Castro,92,100,-42.48,54.92,3.6
1092,Chuy,56,99,-33.69,66.44,5.17
1093,Caravelas,8,100,-17.73,80.12,15.01
1094,Namatanai,24,100,-3.66,82.73,6.17
1095,Yellowknife,5,63,62.45,-7.61,8.05
1096,Pevek,0,69,69.7,31.61,9.64
1097,Bluff,88,46,-23.58,84.44,16.02
1098,Avarua,75,88,-21.21,77.0,8.05
1099,Maun,0,72,-19.99,68.0,12.75
1100,Rikitea,20,100,-23.12,79.04,4.94
1101,Zaraza,8,87,9.35,75.53,9.98
1102,Hermanus,76,96,-34.42,62.3,5.95
1103,Yellowknife,5,63,62.45,-7.61,8.05
1104,Lichinga,56,99,-13.3,67.25,5.39
1105,Upernavik,20,90,72.79,12.98,12.66
1106,New Norfolk,20,40,-42.78,69.8,17.22
1107,Rikitea,20,100,-23.12,79.04,4.94
1108,Rikitea,20,100,-23.12,79.04,4.94
1109,Castro,92,100,-42.48,54.92,3.6
1110,Upernavik,20,90,72.79,12.98,12.66
1111,Yumen,8,38,40.29,50.33,11.99
1112,Ushuaia,75,80,-54.81,41.0,16.11
1113,Dikson,36,91,73.51,1.55,18.81
1114,Hereford,76,97,52.06,46.82,12.33
1115,Tiksi,36,85,71.64,13.97,7.07
1116,Whitehorse,75,43,60.72,15.8,5.82
1117,Kaitangata,0,57,-46.28,60.68,28.1
1118,Manaus,40,94,-3.13,77.0,2.37
1119,Saint-Francois,0,67,46.42,51.8,10.29
1120,Hilo,1,88,19.71,73.4,6.93
1121,Busselton,0,83,-33.64,75.44,9.42
1122,Barrow,0,91,-38.31,54.56,9.19
1123,Luderitz,80,82,-26.65,62.6,1.12
1124,Maldonado,90,94,-34.91,68.0,9.17
1125,Kailua,75,73,21.39,69.78,13.87
1126,Portland,20,56,45.52,39.63,3.36
1127,Gwadar,0,86,25.12,80.3,2.59
1128,Rikitea,20,100,-23.12,79.04,4.94
1129,Inirida,56,97,3.87,73.64,2.04
1130,Hermanus,76,96,-34.42,62.3,5.95
1131,Punta Arenas,0,80,-53.16,41.0,11.41
1132,Port-Gentil,40,100,-0.72,77.0,2.24
1133,Busselton,0,83,-33.64,75.44,9.42
1134,Malanje,75,93,-9.54,66.2,6.93
1135,Thompson,5,57,55.74,-13.01,4.38
1136,Tuktoyaktuk,76,78,69.44,-3.03,9.17
1137,Jamestown,0,33,-33.21,75.44,6.96
1138,Lambari,48,96,-21.98,59.69,2.71
1139,Dakar,75,88,14.69,64.4,10.29
1140,El Dorado,92,73,6.71,78.41,3.94
1141,Provideniya,20,100,64.42,28.4,2.24
1142,Tevriz,0,69,57.51,27.29,7.4
1143,Punta Arenas,0,80,-53.16,41.0,11.41
1144,Miracema do Tocantins,76,96,-9.56,71.57,3.04
1145,Mahon,75,100,51.89,44.6,8.05
1146,Niles,90,88,41.83,39.2,8.05
1147,Atuona,68,100,-9.8,81.38,16.35
1148,Bima,32,77,-8.45,86.06,2.59
1149,Sarangani,0,100,5.4,83.09,4.05
1150,Yumen,8,38,40.29,50.33,11.99
1151,Saint-Francois,0,67,46.42,51.8,10.29
1152,Port Lincoln,0,83,-34.72,67.88,7.63
1153,Rikitea,20,100,-23.12,79.04,4.94
1154,Umm Kaddadah,0,15,13.6,69.59,12.88
1155,Tuatapere,56,100,-46.13,57.8,26.98
1156,Hobart,20,40,-42.88,69.8,17.22
1157,Ushuaia,75,80,-54.81,41.0,16.11
1158,Punta Arenas,0,80,-53.16,41.0,11.41
1159,Marsh Harbour,48,100,26.54,72.83,13.78
1160,Ushuaia,75,80,-54.81,41.0,16.11
1161,Jamestown,0,33,-33.21,75.44,6.96
1162,Tunceli,0,53,39.11,47.23,6.93
1163,Hilo,1,88,19.71,73.4,6.93
1164,Rikitea,20,100,-23.12,79.04,4.94
1165,Correntina,0,88,-13.34,66.89,3.04
1166,Winneba,0,88,5.35,80.6,9.17
1167,Tiksi,36,85,71.64,13.97,7.07
1168,Santa Cruz,1,81,36.97,53.15,3.36
1169,Butaritari,80,100,3.07,82.82,10.2
1170,Akita,75,59,39.72,60.49,14.99
1171,Ushuaia,75,80,-54.81,41.0,16.11
1172,Syracuse,75,77,43.05,31.06,4.7
1173,Zyryanka,64,70,65.73,35.57,6.06
1174,Port Augusta,0,56,-32.49,71.6,18.34
1175,Chokurdakh,8,88,70.62,23.51,15.68
1176,Atuona,68,100,-9.8,81.38,16.35
1177,Kruisfontein,88,94,-34.0,69.14,3.38
1178,Castro,92,100,-42.48,54.92,3.6
1179,Severo-Kurilsk,92,99,50.68,31.25,18.14
1180,Saskylakh,0,75,71.97,0.2,6.96
1181,Punta Arenas,0,80,-53.16,41.0,11.41
1182,Mataura,92,73,-46.19,59.15,27.98
1183,Ponta do Sol,44,94,-20.63,64.19,3.04
1184,Hobart,20,40,-42.88,69.8,17.22
1185,Karratha,0,22,-20.74,105.95,5.06
1186,Dromolaxia,20,49,34.88,66.07,13.87
1187,Geraldton,5,69,49.72,-13.01,2.24
1188,Kwinana,0,48,-32.25,90.32,12.75
1189,Butaritari,80,100,3.07,82.82,10.2
1190,Quezon,92,99,16.49,68.78,2.59
1191,Ushuaia,75,80,-54.81,41.0,16.11
1192,Busselton,0,83,-33.64,75.44,9.42
1193,Hobyo,76,77,5.35,84.08,7.96
1194,Finschhafen,64,90,-6.6,79.04,1.59
1195,Avarua,75,88,-21.21,77.0,8.05
1196,Butaritari,80,100,3.07,82.82,10.2
1197,Kingaroy,80,55,-26.54,77.42,17.47
1198,Tuatapere,56,100,-46.13,57.8,26.98
1199,Vaini,0,39,15.34,91.64,3.27
1200,San Patricio,8,94,-26.98,64.19,2.15
1201,Flin Flon,44,72,54.77,0.56,2.48
1202,Iquique,0,68,-20.22,66.2,1.81
1203,Avarua,75,88,-21.21,77.0,8.05
1204,Namatanai,24,100,-3.66,82.73,6.17
1205,Aklavik,75,77,68.22,-0.41,3.36
1206,Dzhubga,64,84,44.32,46.19,5.17
1207,Thompson,5,57,55.74,-13.01,4.38
1208,Neulengbach,0,80,48.2,42.12,3.36
1209,Yerbogachen,36,54,61.28,24.05,6.4
1210,Dikson,36,91,73.51,1.55,18.81
1211,Vaini,0,39,15.34,91.64,3.27
1212,Bandarbeyla,76,100,9.49,80.57,5.73
1213,Tiksi,36,85,71.64,13.97,7.07
1214,Tura,0,66,25.52,84.53,3.15
1215,Lompoc,90,87,34.64,51.8,3.36
1216,Poum,20,75,41.28,41.0,2.24
1217,Mataura,92,73,-46.19,59.15,27.98
1218,Broome,75,93,52.47,50.0,11.41
1219,Rikitea,20,100,-23.12,79.04,4.94
1220,Carnarvon,92,96,-30.97,58.34,6.62
1221,Hilo,1,88,19.71,73.4,6.93
1222,Hobart,20,40,-42.88,69.8,17.22
1223,Atuona,68,100,-9.8,81.38,16.35
1224,Busselton,0,83,-33.64,75.44,9.42
1225,Tautira,20,83,-17.73,78.8,3.36
1226,Carnarvon,92,96,-30.97,58.34,6.62
1227,Jamestown,0,33,-33.21,75.44,6.96
1228,Tiksi,36,85,71.64,13.97,7.07
1229,Hilo,1,88,19.71,73.4,6.93
1230,Petatlan,0,98,17.52,76.07,4.05
1231,Mataura,92,73,-46.19,59.15,27.98
1232,Mahebourg,75,79,-20.41,84.2,6.93
1233,Mbanza-Ngungu,100,95,-5.25,72.02,4.61
1234,Nemuro,75,81,43.32,46.4,8.05
1235,Port Alfred,80,95,-33.59,70.85,10.87
1236,Rikitea,20,100,-23.12,79.04,4.94
1237,Sandy Bay,20,40,-42.9,69.8,17.22
1238,Los Andes,0,87,-32.83,53.6,3.36
1239,Mataura,92,73,-46.19,59.15,27.98
1240,Ponta do Sol,44,94,-20.63,64.19,3.04
1241,Alihe,48,29,50.57,26.21,12.55
1242,Taitung,75,61,22.76,78.8,5.82
1243,Revelstoke,90,92,50.99,30.2,4.7
1244,Tiksi,36,85,71.64,13.97,7.07
1245,Banda Aceh,24,78,5.56,86.24,3.49
1246,Batemans Bay,48,88,-35.71,67.25,3.83
1247,Ushuaia,75,80,-54.81,41.0,16.11
1248,Manokwari,12,100,-0.87,83.36,17.69
1249,Novopokrovka,20,38,45.85,38.45,10.42
1250,Kapaa,40,83,22.08,71.47,8.05
1251,Kontagora,0,79,10.4,74.99,6.73
1252,Ushuaia,75,80,-54.81,41.0,16.11
1253,Busselton,0,83,-33.64,75.44,9.42
1254,Busselton,0,83,-33.64,75.44,9.42
1255,Clyde River,90,84,70.47,8.6,4.7
1256,Khasan,88,60,42.43,45.29,9.31
1257,Simao,80,46,22.76,79.4,2.82
1258,Bambous Virieux,75,88,-20.34,80.6,8.05
1259,Vaini,0,39,15.34,91.64,3.27
1260,Butaritari,80,100,3.07,82.82,10.2
1261,Bakel,0,28,14.9,72.74,11.32
1262,Cape Town,0,77,-33.93,64.4,5.82
1263,Luderitz,80,82,-26.65,62.6,1.12
1264,Kapaa,40,83,22.08,71.47,8.05
1265,Albany,90,69,42.65,30.13,6.93
1266,Whitianga,12,100,-36.83,69.5,5.73
1267,Upernavik,20,90,72.79,12.98,12.66
1268,Carnarvon,92,96,-30.97,58.34,6.62
1269,Quatre Cocos,75,79,-20.21,84.2,6.93
1270,Egvekinot,0,94,66.32,29.09,2.48
1271,Mataura,92,73,-46.19,59.15,27.98
1272,Sinnamary,92,100,5.38,77.15,8.75
1273,Bondo,56,99,3.81,73.91,2.59
1274,Norman Wells,20,70,65.28,-0.41,5.82
1275,Punta Arenas,0,80,-53.16,41.0,11.41
1276,Nossa Senhora das Dores,40,74,-10.49,80.6,5.82
1277,Chokurdakh,8,88,70.62,23.51,15.68
1278,Saint-Philippe,1,75,45.36,31.95,5.82
1279,Ponta do Sol,44,94,-20.63,64.19,3.04
1280,Vaini,0,39,15.34,91.64,3.27
1281,Tagusao,32,74,9.19,84.89,5.73
1282,Mataura,92,73,-46.19,59.15,27.98
1283,Port Elizabeth,75,86,39.31,36.82,7.07
1284,Hermanus,76,96,-34.42,62.3,5.95
1285,Albany,90,69,42.65,30.13,6.93
1286,Tuktoyaktuk,76,78,69.44,-3.03,9.17
1287,Nhulunbuy,75,49,-12.18,91.4,10.29
1288,Eyl,92,98,7.98,80.57,6.06
1289,Ushuaia,75,80,-54.81,41.0,16.11
1290,Koryukivka,12,93,51.77,34.58,11.54
1291,Pevek,0,69,69.7,31.61,9.64
1292,Rikitea,20,100,-23.12,79.04,4.94
1293,Shelburne,90,80,44.08,33.28,2.93
1294,Chuy,56,99,-33.69,66.44,5.17
1295,Ahipara,12,81,-35.17,67.7,7.85
1296,Camacupa,88,97,-12.02,63.56,3.94
1297,Yatou,40,94,3.63,77.0,1.12
1298,Port Elizabeth,75,86,39.31,36.82,7.07
1299,Bambous Virieux,75,88,-20.34,80.6,8.05
1300,Zhigansk,80,56,66.77,14.6,8.3
1301,Castro,92,100,-42.48,54.92,3.6
1302,Ballina,90,100,54.11,37.4,10.29
1303,East London,90,88,-33.02,69.8,9.17
1304,Yaring,20,62,6.87,87.8,11.41
1305,Lebu,75,82,8.96,59.0,8.05
1306,Jamestown,0,33,-33.21,75.44,6.96
1307,Belgaum,0,39,15.87,91.64,3.27
1308,Barrow,0,91,-38.31,54.56,9.19
1309,Nanortalik,44,100,60.14,32.33,18.81
1310,Kodiak,90,100,39.95,33.8,3.36
1311,Cortez,40,18,37.35,59.0,17.22
1312,Ahipara,12,81,-35.17,67.7,7.85
1313,Dunedin,12,43,-45.87,62.66,12.55
1314,Albany,90,69,42.65,30.13,6.93
1315,Kidal,48,30,18.44,65.63,3.94
1316,Dzilam Gonzalez,0,67,21.28,75.35,6.62
1317,Luena,12,94,-11.78,64.73,4.94
1318,Upernavik,20,90,72.79,12.98,12.66
1319,Chuy,56,99,-33.69,66.44,5.17
1320,Bethel,1,63,60.79,28.4,13.87
1321,Bonthe,92,90,7.53,79.22,4.61
1322,Mataura,92,73,-46.19,59.15,27.98
1323,Isangel,8,100,-19.55,80.3,14.34
1324,Provideniya,20,100,64.42,28.4,2.24
1325,Nanortalik,44,100,60.14,32.33,18.81
1326,Saint-Philippe,1,75,45.36,31.95,5.82
1327,Lasa,0,56,34.92,65.98,2.24
1328,Thinadhoo,48,99,0.53,85.97,4.5
1329,Punta Arenas,0,80,-53.16,41.0,11.41
1330,Hithadhoo,48,100,-0.6,84.35,3.83
1331,Pontianak,48,82,-0.02,86.69,3.38
1332,Iracoubo,68,92,5.48,76.16,3.6
1333,Atuona,68,100,-9.8,81.38,16.35
1334,Hegang,48,41,47.34,37.19,12.55
1335,Talnakh,12,91,69.49,-7.46,4.16
1336,Chokurdakh,8,88,70.62,23.51,15.68
1337,Sao Joao da Barra,80,94,-21.64,81.74,22.39
1338,Cidreira,80,97,-30.17,67.97,6.73
1339,Broome,75,93,52.47,50.0,11.41
1340,Rikitea,20,100,-23.12,79.04,4.94
1341,Nikolskoye,90,95,59.7,32.0,17.9
1342,Rikitea,20,100,-23.12,79.04,4.94
1343,Raudeberg,0,63,61.99,25.38,6.93
1344,New Norfolk,20,40,-42.78,69.8,17.22
1345,Busselton,0,83,-33.64,75.44,9.42
1346,Mongo,24,94,4.83,75.35,2.37
1347,Manhattan,90,93,39.18,37.4,11.41
1348,Suzhou,48,76,33.65,81.29,4.61
1349,Avarua,75,88,-21.21,77.0,8.05
1350,Ribeira Grande,20,58,38.52,57.2,18.34
1351,Koslan,92,81,63.46,35.84,10.65
1352,Georgetown,75,100,6.8,73.4,5.5
1353,Rikitea,20,100,-23.12,79.04,4.94
1354,Nikolskoye,90,95,59.7,32.0,17.9
1355,Cidreira,80,97,-30.17,67.97,6.73
1356,Lincoln,75,93,53.23,47.57,12.75
1357,Jamestown,0,33,-33.21,75.44,6.96
1358,Kodiak,90,100,39.95,33.8,3.36
1359,Pacific Grove,75,76,36.62,52.25,5.82
1360,Jamestown,0,33,-33.21,75.44,6.96
1361,Faanui,76,100,-16.48,82.19,11.43
1362,Esperance,20,83,10.24,77.0,5.61
1363,Bandarbeyla,76,100,9.49,80.57,5.73
1364,Punta Arenas,0,80,-53.16,41.0,11.41
1365,Hermanus,76,96,-34.42,62.3,5.95
1366,Khatanga,48,92,71.98,-4.04,4.94
